Longitud,Ancho,Altura,RelacionDiametroCarrera,VolumenCilindrada,RelacionComprecionAire,Potencia,RevolucionesMaxMotor,ConsumoCiudad,Precio,ClasificacionRiesgo_intermedio,ClasificacionRiesgo_muy seguro,ClasificacionRiesgo_poco seguro,TipoCombustible_diesel,TipoCombustible_gas,TipoAspiracionMotor_std,TipoAspiracionMotor_turbo,NumPuertas_four,NumPuertas_two,TipoCarroceria_hatchback,TipoCarroceria_otro,TipoCarroceria_sedan,TipoCarroceria_wagon,EjeTraccion_4wd,EjeTraccion_fwd,EjeTraccion_rwd,UbicacionMotor_front,UbicacionMotor_rear,TipoMotor_No ohc,TipoMotor_ohc,NumCilindrosMotor_cuatro,NumCilindrosMotor_mayor a cuatro,NumCilindrosMotor_menor a cuatro,SistemaCombustible_2bbl,SistemaCombustible_mpfi,SistemaCombustible_otro
168.8,64.1,48.8,3.47,2.68,9.0,111,5000,21,13495.0,False,False,True,False,True,True,False,False,True,False,True,False,False,False,False,True,True,False,True,False,True,False,False,False,True,False
168.8,64.1,48.8,3.47,2.68,9.0,111,5000,21,16500.0,False,False,True,False,True,True,False,False,True,False,True,False,False,False,False,True,True,False,True,False,True,False,False,False,True,False
171.2,65.5,52.4,2.68,3.47,9.0,154,5000,19,16500.0,False,False,True,False,True,True,False,False,True,True,False,False,False,False,False,True,True,False,True,False,False,True,False,False,True,False
176.6,66.2,54.3,3.19,3.4,10.0,102,5500,24,13950.0,False,False,True,False,True,True,False,True,False,False,False,True,False,False,True,False,True,False,False,True,True,False,False,False,True,False
176.6,66.4,54.3,3.19,3.4,8.0,115,5500,18,17450.0,False,False,True,False,True,True,False,True,False,False,False,True,False,True,False,False,True,False,False,True,False,True,False,False,True,False
177.3,66.3,53.1,3.19,3.4,8.5,110,5500,19,15250.0,False,False,True,False,True,True,False,False,True,False,False,True,False,False,True,False,True,False,False,True,False,True,False,False,True,False
192.7,71.4,55.7,3.19,3.4,8.5,110,5500,19,17710.0,False,False,True,False,True,True,False,True,False,False,False,True,False,False,True,False,True,False,False,True,False,True,False,False,True,False
192.7,71.4,55.7,3.19,3.4,8.5,110,5500,19,18920.0,False,False,True,False,True,True,False,True,False,False,False,False,True,False,True,False,True,False,False,True,False,True,False,False,True,False
192.7,71.4,55.9,3.13,3.4,8.3,140,5500,17,23875.0,False,False,True,False,True,False,True,True,False,False,False,True,False,False,True,False,True,False,False,True,False,True,False,False,True,False
178.2,67.9,52.0,3.13,3.4,7.0,160,5500,16,17859.167,True,False,False,False,True,False,True,False,True,True,False,False,False,True,False,False,True,False,False,True,False,True,False,False,True,False
176.8,64.8,54.3,3.5,2.8,8.8,101,5800,23,16430.0,False,False,True,False,True,True,False,False,True,False,False,True,False,False,False,True,True,False,False,True,True,False,False,False,True,False
176.8,64.8,54.3,3.5,2.8,8.8,101,5800,23,16925.0,True,False,False,False,True,True,False,True,False,False,False,True,False,False,False,True,True,False,False,True,True,False,False,False,True,False
176.8,64.8,54.3,3.31,3.19,9.0,121,4250,21,20970.0,True,False,False,False,True,True,False,False,True,False,False,True,False,False,False,True,True,False,False,True,False,True,False,False,True,False
176.8,64.8,54.3,3.31,3.19,9.0,121,4250,21,21105.0,True,False,False,False,True,True,False,True,False,False,False,True,False,False,False,True,True,False,False,True,False,True,False,False,True,False
189.0,66.9,55.7,3.31,3.19,9.0,121,4250,20,24565.0,False,False,True,False,True,True,False,True,False,False,False,True,False,False,False,True,True,False,False,True,False,True,False,False,True,False
189.0,66.9,55.7,3.62,3.39,8.0,182,5400,16,30760.0,True,False,False,False,True,True,False,True,False,False,False,True,False,False,False,True,True,False,False,True,False,True,False,False,True,False
193.8,67.9,53.7,3.62,3.39,8.0,182,5400,16,41315.0,True,False,False,False,True,True,False,False,True,False,False,True,False,False,False,True,True,False,False,True,False,True,False,False,True,False
197.0,70.9,56.3,3.62,3.39,8.0,182,5400,15,36880.0,True,False,False,False,True,True,False,True,False,False,False,True,False,False,False,True,True,False,False,True,False,True,False,False,True,False
141.1,60.3,53.2,2.91,3.03,9.5,48,5100,47,5151.0,False,False,True,False,True,True,False,False,True,True,False,False,False,False,True,False,True,False,True,False,False,False,True,True,False,False
155.9,63.6,52.0,3.03,3.11,9.6,70,5400,38,6295.0,False,False,True,False,True,True,False,False,True,True,False,False,False,False,True,False,True,False,False,True,True,False,False,True,False,False
158.8,63.6,52.0,3.03,3.11,9.6,70,5400,38,6575.0,True,False,False,False,True,True,False,True,False,False,False,True,False,False,True,False,True,False,False,True,True,False,False,True,False,False
157.3,63.8,50.8,2.97,3.23,9.41,68,5500,37,5572.0,False,False,True,False,True,True,False,False,True,True,False,False,False,False,True,False,True,False,False,True,True,False,False,True,False,False
157.3,63.8,50.8,2.97,3.23,9.4,68,5500,31,6377.0,False,False,True,False,True,True,False,False,True,True,False,False,False,False,True,False,True,False,False,True,True,False,False,True,False,False
157.3,63.8,50.8,3.03,3.39,7.6,102,5500,24,7957.0,False,False,True,False,True,False,True,False,True,True,False,False,False,False,True,False,True,False,False,True,True,False,False,False,True,False
157.3,63.8,50.6,2.97,3.23,9.4,68,5500,31,6229.0,False,False,True,False,True,True,False,True,False,True,False,False,False,False,True,False,True,False,False,True,True,False,False,True,False,False
157.3,63.8,50.6,2.97,3.23,9.4,68,5500,31,6692.0,False,False,True,False,True,True,False,True,False,False,False,True,False,False,True,False,True,False,False,True,True,False,False,True,False,False
157.3,63.8,50.6,2.97,3.23,9.4,68,5500,31,7609.0,False,False,True,False,True,True,False,True,False,False,False,True,False,False,True,False,True,False,False,True,True,False,False,True,False,False
157.3,63.8,50.6,3.03,3.39,7.6,102,5500,24,8558.0,False,False,True,False,True,False,True,False,True,False,False,True,False,False,True,False,True,False,False,True,True,False,False,False,True,False
174.6,64.6,59.8,3.34,3.46,8.5,88,5000,24,8921.0,False,True,False,False,True,True,False,True,False,False,False,False,True,False,True,False,True,False,False,True,True,False,False,True,False,False
173.2,66.3,50.2,3.6,3.9,7.0,145,5000,19,12964.0,False,False,True,False,True,False,True,False,True,True,False,False,False,False,True,False,True,False,False,True,True,False,False,False,False,True
144.6,63.9,50.8,2.91,3.41,9.6,58,4800,49,6479.0,False,False,True,False,True,True,False,False,True,True,False,False,False,False,True,False,True,False,False,True,True,False,False,False,False,True
144.6,63.9,50.8,2.91,3.41,9.2,76,6000,31,6855.0,False,False,True,False,True,True,False,False,True,True,False,False,False,False,True,False,True,False,False,True,True,False,False,False,False,True
150.0,64.0,52.6,2.91,3.07,10.1,60,5500,38,5399.0,False,False,True,False,True,True,False,False,True,True,False,False,False,False,True,False,True,False,False,True,True,False,False,False,False,True
150.0,64.0,52.6,2.91,3.41,9.2,76,6000,30,6529.0,False,False,True,False,True,True,False,False,True,True,False,False,False,False,True,False,True,False,False,True,True,False,False,False,False,True
150.0,64.0,52.6,2.91,3.41,9.2,76,6000,30,7129.0,False,False,True,False,True,True,False,False,True,True,False,False,False,False,True,False,True,False,False,True,True,False,False,False,False,True
163.4,64.0,54.5,2.91,3.41,9.2,76,6000,30,7295.0,True,False,False,False,True,True,False,True,False,False,False,True,False,False,True,False,True,False,False,True,True,False,False,False,False,True
157.1,63.9,58.3,2.92,3.41,9.2,76,6000,30,7295.0,True,False,False,False,True,True,False,True,False,False,False,False,True,False,True,False,True,False,False,True,True,False,False,False,False,True
167.5,65.2,53.3,3.15,3.58,9.0,86,5800,27,7895.0,True,False,False,False,True,True,False,False,True,True,False,False,False,False,True,False,True,False,False,True,True,False,False,False,False,True
167.5,65.2,53.3,3.15,3.58,9.0,86,5800,27,9095.0,True,False,False,False,True,True,False,False,True,True,False,False,False,False,True,False,True,False,False,True,True,False,False,False,False,True
175.4,65.2,54.1,3.15,3.58,9.0,86,5800,27,8845.0,True,False,False,False,True,True,False,True,False,False,False,True,False,False,True,False,True,False,False,True,True,False,False,False,False,True
175.4,62.5,54.1,3.15,3.58,9.0,86,5800,27,10295.0,True,False,False,False,True,True,False,True,False,False,False,True,False,False,True,False,True,False,False,True,True,False,False,False,False,True
175.4,65.2,54.1,3.15,3.58,9.0,101,5800,24,12945.0,True,False,False,False,True,True,False,True,False,False,False,True,False,False,True,False,True,False,False,True,True,False,False,False,True,False
169.1,66.0,51.0,3.15,3.58,9.1,100,5500,25,10345.0,False,False,True,False,True,True,False,False,True,False,False,True,False,False,True,False,True,False,False,True,True,False,False,True,False,False
170.7,61.8,53.5,3.31,3.23,8.5,78,4800,24,6785.0,True,False,False,False,True,True,False,True,False,False,False,True,False,False,False,True,True,False,False,True,True,False,False,True,False,False
155.9,63.6,52.0,3.03,3.11,9.6,70,5400,38,8916.5,False,False,True,False,True,True,False,False,True,False,False,True,False,False,True,False,True,False,False,True,True,False,False,True,False,False
155.9,63.6,52.0,3.03,3.11,9.6,70,5400,38,8916.5,True,False,False,False,True,True,False,True,False,False,False,True,False,False,True,False,True,False,False,True,True,False,False,True,False,False
172.6,65.2,51.4,3.43,3.23,9.2,90,5000,24,11048.0,False,False,True,False,True,True,False,False,True,True,False,False,False,False,False,True,True,False,False,True,True,False,False,False,False,True
199.6,69.6,52.8,3.63,4.17,8.1,176,4750,15,32250.0,True,False,False,False,True,True,False,True,False,False,False,True,False,False,False,True,True,False,True,False,False,True,False,False,True,False
199.6,69.6,52.8,3.63,4.17,8.1,176,4750,15,35550.0,True,False,False,False,True,True,False,True,False,False,False,True,False,False,False,True,True,False,True,False,False,True,False,False,True,False
191.7,70.6,47.8,3.54,2.76,11.5,262,5000,13,36000.0,True,False,False,False,True,True,False,False,True,False,False,True,False,False,False,True,True,False,True,False,False,True,False,False,True,False
159.1,64.2,54.1,3.03,3.15,9.0,68,5000,30,5195.0,False,False,True,False,True,True,False,False,True,True,False,False,False,False,True,False,True,False,False,True,True,False,False,True,False,False
159.1,64.2,54.1,3.03,3.15,9.0,68,5000,31,6095.0,False,False,True,False,True,True,False,False,True,True,False,False,False,False,True,False,True,False,False,True,True,False,False,True,False,False
159.1,64.2,54.1,3.03,3.15,9.0,68,5000,31,6795.0,False,False,True,False,True,True,False,False,True,True,False,False,False,False,True,False,True,False,False,True,True,False,False,True,False,False
166.8,64.2,54.1,3.03,3.15,9.0,68,5000,31,6695.0,False,False,True,False,True,True,False,True,False,False,False,True,False,False,True,False,True,False,False,True,True,False,False,True,False,False
166.8,64.2,54.1,3.08,3.15,9.0,68,5000,31,7395.0,False,False,True,False,True,True,False,True,False,False,False,True,False,False,True,False,True,False,False,True,True,False,False,True,False,False
169.0,65.7,49.6,3.33,3.255,9.4,101,6000,17,10945.0,False,False,True,False,True,True,False,False,True,True,False,False,False,False,False,True,True,False,True,False,False,False,True,False,False,True
169.0,65.7,49.6,3.33,3.255,9.4,101,6000,17,11845.0,False,False,True,False,True,True,False,False,True,True,False,False,False,False,False,True,True,False,True,False,False,False,True,False,False,True
169.0,65.7,49.6,3.33,3.255,9.4,101,6000,17,13645.0,False,False,True,False,True,True,False,False,True,True,False,False,False,False,False,True,True,False,True,False,False,False,True,False,False,True
169.0,65.7,49.6,3.33,3.255,9.4,135,6000,16,15645.0,False,False,True,False,True,True,False,False,True,True,False,False,False,False,False,True,True,False,True,False,False,False,True,False,True,False
177.8,66.5,53.7,3.39,3.39,8.6,84,4800,26,8845.0,False,False,True,False,True,True,False,False,True,True,False,False,False,False,True,False,True,False,False,True,True,False,False,True,False,False
177.8,66.5,55.5,3.39,3.39,8.6,84,4800,26,8495.0,True,False,False,False,True,True,False,True,False,False,False,True,False,False,True,False,True,False,False,True,True,False,False,True,False,False
177.8,66.5,53.7,3.39,3.39,8.6,84,4800,26,10595.0,False,False,True,False,True,True,False,False,True,True,False,False,False,False,True,False,True,False,False,True,True,False,False,True,False,False
177.8,66.5,55.5,3.39,3.39,8.6,84,4800,26,10245.0,True,False,False,False,True,True,False,True,False,False,False,True,False,False,True,False,True,False,False,True,True,False,False,True,False,False
177.8,66.5,55.5,3.39,3.39,22.7,64,4650,36,10795.0,True,False,False,True,False,True,False,True,False,False,False,True,False,False,True,False,True,False,False,True,True,False,False,False,False,True
177.8,66.5,55.5,3.39,3.39,8.6,84,4800,26,11245.0,True,False,False,False,True,True,False,True,False,True,False,False,False,False,True,False,True,False,False,True,True,False,False,True,False,False
175.0,66.1,54.4,3.76,3.16,8.0,120,5000,19,18280.0,True,False,False,False,True,True,False,True,False,False,False,True,False,False,False,True,True,False,False,True,True,False,False,False,True,False
175.0,66.1,54.4,3.43,3.64,22.0,72,4200,31,18344.0,True,False,False,True,False,True,False,True,False,False,False,True,False,False,False,True,True,False,False,True,True,False,False,False,False,True
190.9,70.3,56.5,3.58,3.64,21.5,123,4350,22,25552.0,False,True,False,True,False,False,True,True,False,False,False,True,False,False,False,True,True,False,False,True,False,True,False,False,False,True
190.9,70.3,58.7,3.58,3.64,21.5,123,4350,22,28248.0,False,True,False,True,False,False,True,True,False,False,False,False,True,False,False,True,True,False,False,True,False,True,False,False,False,True
187.5,70.3,54.9,3.58,3.64,21.5,123,4350,22,28176.0,True,False,False,True,False,False,True,False,True,False,True,False,False,False,False,True,True,False,False,True,False,True,False,False,False,True
202.6,71.7,56.3,3.58,3.64,21.5,123,4350,22,31600.0,False,True,False,True,False,False,True,True,False,False,False,True,False,False,False,True,True,False,False,True,False,True,False,False,False,True
202.6,71.7,56.5,3.46,3.1,8.3,155,4750,16,34184.0,False,True,False,False,True,True,False,True,False,False,False,True,False,False,False,True,True,False,True,False,False,True,False,False,True,False
180.3,70.5,50.8,3.46,3.1,8.3,155,4750,16,35056.0,False,False,True,False,True,True,False,False,True,False,True,False,False,False,False,True,True,False,True,False,False,True,False,False,True,False
208.1,71.7,56.7,3.8,3.35,8.0,184,4500,14,40960.0,True,False,False,False,True,True,False,True,False,False,False,True,False,False,False,True,True,False,True,False,False,True,False,False,True,False
199.2,72.0,55.4,3.8,3.35,8.0,184,4500,14,45400.0,False,False,True,False,True,True,False,False,True,False,True,False,False,False,False,True,True,False,True,False,False,True,False,False,True,False
178.4,68.0,54.8,3.78,3.12,8.0,175,5000,19,16503.0,False,False,True,False,True,False,True,False,True,True,False,False,False,False,False,True,True,False,False,True,True,False,False,False,True,False
157.3,64.4,50.8,2.97,3.23,9.4,68,5500,37,5389.0,False,False,True,False,True,True,False,False,True,True,False,False,False,False,True,False,True,False,False,True,True,False,False,True,False,False
157.3,64.4,50.8,2.97,3.23,9.4,68,5500,31,6189.0,False,False,True,False,True,True,False,False,True,True,False,False,False,False,True,False,True,False,False,True,True,False,False,True,False,False
157.3,64.4,50.8,2.97,3.23,9.4,68,5500,31,6669.0,False,False,True,False,True,True,False,False,True,True,False,False,False,False,True,False,True,False,False,True,True,False,False,True,False,False
157.3,63.8,50.8,3.03,3.39,7.6,102,5500,24,7689.0,False,False,True,False,True,False,True,False,True,True,False,False,False,False,True,False,True,False,False,True,True,False,False,False,False,True
173.0,65.4,49.4,3.17,3.46,7.5,116,5500,23,9959.0,False,False,True,False,True,False,True,False,True,True,False,False,False,False,True,False,True,False,False,True,True,False,False,False,False,True
173.0,65.4,49.4,3.35,3.46,8.5,88,5000,25,8499.0,False,False,True,False,True,True,False,False,True,True,False,False,False,False,True,False,True,False,False,True,True,False,False,True,False,False
173.2,66.3,50.2,3.58,3.86,7.0,145,5000,19,12629.0,False,False,True,False,True,False,True,False,True,True,False,False,False,False,True,False,True,False,False,True,True,False,False,False,False,True
173.2,66.3,50.2,3.59,3.86,7.0,145,5000,19,14869.0,False,False,True,False,True,False,True,False,True,True,False,False,False,False,True,False,True,False,False,True,True,False,False,False,False,True
173.2,66.3,50.2,3.59,3.86,7.0,145,5000,19,14489.0,False,False,True,False,True,False,True,False,True,True,False,False,False,False,True,False,True,False,False,True,True,False,False,False,False,True
172.4,65.4,51.6,3.35,3.46,8.5,88,5000,25,6989.0,False,False,True,False,True,True,False,True,False,False,False,True,False,False,True,False,True,False,False,True,True,False,False,True,False,False
172.4,65.4,51.6,3.35,3.46,8.5,88,5000,25,8189.0,False,False,True,False,True,True,False,True,False,False,False,True,False,False,True,False,True,False,False,True,True,False,False,True,False,False
172.4,65.4,51.6,3.17,3.46,7.5,116,5500,23,9279.0,False,False,True,False,True,False,True,True,False,False,False,True,False,False,True,False,True,False,False,True,True,False,False,False,False,True
172.4,65.4,51.6,3.17,3.46,7.5,116,5500,23,9279.0,False,True,False,False,True,True,False,True,False,False,False,True,False,False,True,False,True,False,False,True,True,False,False,False,False,True
165.3,63.8,54.5,3.15,3.29,9.4,69,5200,31,5499.0,False,False,True,False,True,True,False,False,True,False,False,True,False,False,True,False,True,False,False,True,True,False,False,True,False,False
165.3,63.8,54.5,2.99,3.47,21.9,55,4800,45,7099.0,False,False,True,True,False,True,False,False,True,False,False,True,False,False,True,False,True,False,False,True,True,False,False,False,False,True
165.3,63.8,54.5,3.15,3.29,9.4,69,5200,31,6649.0,False,False,True,False,True,True,False,False,True,False,False,True,False,False,True,False,True,False,False,True,True,False,False,True,False,False
165.3,63.8,54.5,3.15,3.29,9.4,69,5200,31,6849.0,False,False,True,False,True,True,False,True,False,False,False,True,False,False,True,False,True,False,False,True,True,False,False,True,False,False
170.2,63.8,53.5,3.15,3.29,9.4,69,5200,31,7349.0,False,False,True,False,True,True,False,True,False,False,False,False,True,False,True,False,True,False,False,True,True,False,False,True,False,False
165.3,63.8,54.5,3.15,3.29,9.4,69,5200,31,7299.0,False,False,True,False,True,True,False,False,True,False,False,True,False,False,True,False,True,False,False,True,True,False,False,True,False,False
165.6,63.8,53.3,3.15,3.29,9.4,69,5200,31,7799.0,False,False,True,False,True,True,False,False,True,True,False,False,False,False,True,False,True,False,False,True,True,False,False,True,False,False
165.3,63.8,54.5,3.15,3.29,9.4,69,5200,31,7499.0,False,False,True,False,True,True,False,True,False,False,False,True,False,False,True,False,True,False,False,True,True,False,False,True,False,False
170.2,63.8,53.5,3.15,3.29,9.4,69,5200,31,7999.0,False,False,True,False,True,True,False,True,False,False,False,False,True,False,True,False,True,False,False,True,True,False,False,True,False,False
162.4,63.8,53.3,3.15,3.29,9.4,69,5200,31,8249.0,False,False,True,False,True,True,False,False,True,False,True,False,False,False,True,False,True,False,False,True,True,False,False,True,False,False
173.4,65.2,54.7,3.33,3.47,8.5,97,5200,27,8949.0,True,False,False,False,True,True,False,True,False,True,False,False,False,False,True,False,True,False,False,True,True,False,False,True,False,False
173.4,65.2,54.7,3.33,3.47,8.5,97,5200,27,9549.0,True,False,False,False,True,True,False,True,False,False,False,True,False,False,True,False,True,False,False,True,True,False,False,True,False,False
181.7,66.5,55.1,3.43,3.27,9.0,152,5200,17,13499.0,True,False,False,False,True,True,False,True,False,False,False,True,False,False,True,False,True,False,True,False,False,True,False,False,True,False
184.6,66.5,56.1,3.43,3.27,9.0,152,5200,17,14399.0,True,False,False,False,True,True,False,True,False,False,False,False,True,False,True,False,True,False,True,False,False,True,False,False,True,False
184.6,66.5,55.1,3.43,3.27,9.0,152,5200,19,13499.0,True,False,False,False,True,True,False,True,False,False,False,True,False,False,True,False,True,False,True,False,False,True,False,False,True,False
170.7,67.9,49.7,3.43,3.27,9.0,160,5200,19,17199.0,False,False,True,False,True,True,False,False,True,True,False,False,False,False,False,True,True,False,True,False,False,True,False,False,True,False
170.7,67.9,49.7,3.43,3.27,7.8,200,5200,17,19699.0,False,False,True,False,True,False,True,False,True,True,False,False,False,False,False,True,True,False,True,False,False,True,False,False,True,False
178.5,67.9,49.7,3.43,3.27,9.0,160,5200,19,18399.0,False,False,True,False,True,True,False,False,True,True,False,False,False,False,False,True,True,False,True,False,False,True,False,False,True,False
186.7,68.4,56.7,3.46,3.19,8.4,97,5000,19,11900.0,True,False,False,False,True,True,False,True,False,False,False,True,False,False,False,True,True,False,True,False,True,False,False,False,True,False
186.7,68.4,56.7,3.7,3.52,21.0,95,4150,28,13200.0,True,False,False,True,False,False,True,True,False,False,False,True,False,False,False,True,True,False,True,False,True,False,False,False,False,True
198.9,68.4,58.7,3.46,3.19,8.4,97,5000,19,12440.0,True,False,False,False,True,True,False,True,False,False,False,False,True,False,False,True,True,False,True,False,True,False,False,False,True,False
198.9,68.4,58.7,3.7,3.52,21.0,95,4150,25,13860.0,True,False,False,True,False,False,True,True,False,False,False,False,True,False,False,True,True,False,True,False,True,False,False,False,False,True
186.7,68.4,56.7,3.46,2.19,8.4,95,5000,19,15580.0,True,False,False,False,True,True,False,True,False,False,False,True,False,False,False,True,True,False,True,False,True,False,False,False,True,False
186.7,68.4,56.7,3.7,3.52,21.0,95,4150,28,16900.0,True,False,False,True,False,False,True,True,False,False,False,True,False,False,False,True,True,False,True,False,True,False,False,False,False,True
198.9,68.4,56.7,3.46,2.19,8.4,95,5000,19,16695.0,True,False,False,False,True,True,False,True,False,False,False,False,True,False,False,True,True,False,True,False,True,False,False,False,True,False
198.9,68.4,58.7,3.7,3.52,21.0,95,4150,25,17075.0,True,False,False,True,False,False,True,True,False,False,False,False,True,False,False,True,True,False,True,False,True,False,False,False,False,True
186.7,68.4,56.7,3.46,3.19,8.4,97,5000,19,16630.0,True,False,False,False,True,True,False,True,False,False,False,True,False,False,False,True,True,False,True,False,True,False,False,False,True,False
186.7,68.4,56.7,3.7,3.52,21.0,95,4150,28,17950.0,True,False,False,True,False,False,True,True,False,False,False,True,False,False,False,True,True,False,True,False,True,False,False,False,False,True
186.7,68.3,56.0,3.61,3.21,7.0,142,5600,18,18150.0,True,False,False,False,True,False,True,True,False,False,False,True,False,False,False,True,True,False,True,False,True,False,False,False,True,False
157.3,63.8,50.8,2.97,3.23,9.4,68,5500,37,5572.0,False,False,True,False,True,True,False,False,True,True,False,False,False,False,True,False,True,False,False,True,True,False,False,True,False,False
157.3,63.8,50.8,3.03,3.39,7.6,102,5500,24,7957.0,False,False,True,False,True,False,True,False,True,True,False,False,False,False,True,False,True,False,False,True,True,False,False,False,False,True
157.3,63.8,50.6,2.97,3.23,9.4,68,5500,31,6229.0,False,False,True,False,True,True,False,True,False,True,False,False,False,False,True,False,True,False,False,True,True,False,False,True,False,False
167.3,63.8,50.8,2.97,3.23,9.4,68,5500,31,6692.0,False,False,True,False,True,True,False,True,False,False,False,True,False,False,True,False,True,False,False,True,True,False,False,True,False,False
167.3,63.8,50.8,2.97,3.23,9.4,68,5500,31,7609.0,False,False,True,False,True,True,False,True,False,False,False,True,False,False,True,False,True,False,False,True,True,False,False,True,False,False
174.6,64.6,59.8,3.35,3.46,8.5,88,5000,24,8921.0,False,True,False,False,True,True,False,True,False,False,False,False,True,False,True,False,True,False,False,True,True,False,False,True,False,False
173.2,66.3,50.2,3.59,3.86,7.0,145,5000,19,12764.0,False,False,True,False,True,False,True,False,True,True,False,False,False,False,False,True,True,False,False,True,True,False,False,False,False,True
168.9,68.3,50.2,3.94,3.11,9.5,143,5500,19,22018.0,False,False,True,False,True,True,False,False,True,True,False,False,False,False,False,True,True,False,False,True,True,False,False,False,True,False
168.9,65.0,51.6,3.74,2.9,9.5,207,5900,17,32528.0,False,False,True,False,True,True,False,False,True,False,True,False,False,False,False,True,False,True,True,False,False,True,False,False,True,False
168.9,65.0,51.6,3.74,2.9,9.5,207,5900,17,34028.0,False,False,True,False,True,True,False,False,True,False,True,False,False,False,False,True,False,True,True,False,False,True,False,False,True,False
168.9,65.0,51.6,3.74,2.9,9.5,207,5900,17,37028.0,False,False,True,False,True,True,False,False,True,False,True,False,False,False,False,True,False,True,True,False,False,True,False,False,True,False
175.7,72.3,50.5,3.94,3.11,10.0,288,5750,17,31400.5,False,False,True,False,True,True,False,False,True,True,False,False,False,False,False,True,True,False,True,False,False,True,False,False,True,False
181.5,66.5,55.2,3.46,3.9,8.7,90,5100,23,9295.0,True,False,False,False,True,True,False,True,False,False,False,False,True,False,True,False,True,False,False,True,True,False,False,False,True,False
176.8,66.6,50.5,3.46,3.9,8.7,90,5100,23,9895.0,False,False,True,False,True,True,False,False,True,True,False,False,False,False,True,False,True,False,False,True,True,False,False,False,True,False
186.6,66.5,56.1,3.54,3.07,9.31,110,5250,21,11850.0,False,False,True,False,True,True,False,False,True,True,False,False,False,False,True,False,True,False,False,True,True,False,False,False,True,False
186.6,66.5,56.1,3.54,3.07,9.3,110,5250,21,12170.0,False,False,True,False,True,True,False,True,False,False,False,True,False,False,True,False,True,False,False,True,True,False,False,False,True,False
186.6,66.5,56.1,2.54,2.07,9.3,110,5250,21,15040.0,False,False,True,False,True,True,False,False,True,True,False,False,False,False,True,False,True,False,False,True,True,False,False,False,True,False
186.6,66.5,56.1,3.54,3.07,9.3,110,5250,21,15510.0,False,False,True,False,True,True,False,True,False,False,False,True,False,False,True,False,True,False,False,True,True,False,False,False,True,False
186.6,66.5,56.1,3.54,3.07,9.0,160,5500,19,18150.0,False,False,True,False,True,False,True,False,True,True,False,False,False,False,True,False,True,False,True,False,True,False,False,False,True,False
186.6,66.5,56.1,3.54,3.07,9.0,160,5500,19,18620.0,False,False,True,False,True,False,True,True,False,False,False,True,False,False,True,False,True,False,True,False,True,False,False,False,True,False
156.9,63.4,53.7,3.62,2.36,9.0,69,4900,31,5118.0,False,False,True,False,True,True,False,False,True,True,False,False,False,False,True,False,True,False,True,False,True,False,False,True,False,False
157.9,63.6,53.7,3.62,2.64,8.7,73,4400,26,7053.0,False,False,True,False,True,True,False,False,True,True,False,False,False,False,True,False,True,False,True,False,True,False,False,True,False,False
157.3,63.8,55.7,3.62,2.64,8.7,73,4400,26,7603.0,False,False,True,False,True,True,False,False,True,True,False,False,False,True,False,False,True,False,True,False,True,False,False,True,False,False
172.0,65.4,52.5,3.62,2.64,9.5,82,4800,32,7126.0,True,False,False,False,True,True,False,True,False,False,False,True,False,False,True,False,True,False,True,False,True,False,False,True,False,False
172.0,65.4,52.5,3.62,2.64,9.5,82,4400,28,7775.0,True,False,False,False,True,True,False,True,False,False,False,True,False,False,True,False,True,False,True,False,True,False,False,True,False,False
172.0,65.4,52.5,3.62,2.64,9.0,94,5200,26,9960.0,True,False,False,False,True,True,False,True,False,False,False,True,False,False,True,False,True,False,True,False,True,False,False,False,True,False
172.0,65.4,54.3,3.62,2.64,9.0,82,4800,24,9233.0,True,False,False,False,True,True,False,True,False,False,False,True,False,True,False,False,True,False,True,False,True,False,False,True,False,False
172.0,65.4,54.3,3.62,2.64,7.7,111,4800,24,11259.0,True,False,False,False,True,False,True,True,False,False,False,True,False,True,False,False,True,False,True,False,True,False,False,False,True,False
173.5,65.4,53.0,3.62,2.64,9.0,82,4800,28,7463.0,True,False,False,False,True,True,False,True,False,False,False,False,True,False,True,False,True,False,True,False,True,False,False,True,False,False
173.5,65.4,53.0,3.62,2.64,9.0,94,5200,25,10198.0,True,False,False,False,True,True,False,True,False,False,False,False,True,False,True,False,True,False,True,False,True,False,False,False,True,False
173.6,65.4,54.9,3.62,2.64,9.0,82,4800,23,8013.0,True,False,False,False,True,True,False,True,False,False,False,False,True,True,False,False,True,False,True,False,True,False,False,True,False,False
173.6,65.4,54.9,3.62,2.64,7.7,111,4800,23,11694.0,True,False,False,False,True,False,True,True,False,False,False,False,True,True,False,False,True,False,True,False,True,False,False,False,True,False
158.7,63.6,54.5,3.05,3.03,9.0,62,4800,35,5348.0,False,False,True,False,True,True,False,False,True,True,False,False,False,False,True,False,True,False,False,True,True,False,False,True,False,False
158.7,63.6,54.5,3.05,3.03,9.0,62,4800,31,6338.0,False,False,True,False,True,True,False,False,True,True,False,False,False,False,True,False,True,False,False,True,True,False,False,True,False,False
158.7,63.6,54.5,3.05,3.03,9.0,62,4800,31,6488.0,False,False,True,False,True,True,False,True,False,True,False,False,False,False,True,False,True,False,False,True,True,False,False,True,False,False
169.7,63.6,59.1,3.05,3.03,9.0,62,4800,31,6918.0,True,False,False,False,True,True,False,True,False,False,False,False,True,False,True,False,True,False,False,True,True,False,False,True,False,False
169.7,63.6,59.1,3.05,3.03,9.0,62,4800,27,7898.0,True,False,False,False,True,True,False,True,False,False,False,False,True,True,False,False,True,False,False,True,True,False,False,True,False,False
169.7,63.6,59.1,3.05,3.03,9.0,62,4800,27,8778.0,True,False,False,False,True,True,False,True,False,False,False,False,True,True,False,False,True,False,False,True,True,False,False,True,False,False
166.3,64.4,53.0,3.19,3.03,9.0,70,4800,30,6938.0,True,False,False,False,True,True,False,True,False,False,False,True,False,False,True,False,True,False,False,True,True,False,False,True,False,False
166.3,64.4,52.8,3.19,3.03,9.0,70,4800,30,7198.0,True,False,False,False,True,True,False,True,False,True,False,False,False,False,True,False,True,False,False,True,True,False,False,True,False,False
166.3,64.4,53.0,3.27,3.35,22.5,56,4500,34,7898.0,True,False,False,True,False,True,False,True,False,False,False,True,False,False,True,False,True,False,False,True,True,False,False,False,False,True
166.3,64.4,52.8,3.27,3.35,22.5,56,4500,38,7788.0,True,False,False,True,False,True,False,True,False,True,False,False,False,False,True,False,True,False,False,True,True,False,False,False,False,True
166.3,64.4,53.0,3.19,3.03,9.0,70,4800,38,7738.0,True,False,False,False,True,True,False,True,False,False,False,True,False,False,True,False,True,False,False,True,True,False,False,True,False,False
166.3,64.4,52.8,3.19,3.03,9.0,70,4800,28,8358.0,True,False,False,False,True,True,False,True,False,True,False,False,False,False,True,False,True,False,False,True,True,False,False,True,False,False
166.3,64.4,52.8,3.19,3.03,9.0,70,4800,28,9258.0,True,False,False,False,True,True,False,True,False,False,False,True,False,False,True,False,True,False,False,True,True,False,False,True,False,False
168.7,64.0,52.6,3.19,3.03,9.0,70,4800,29,8058.0,False,False,True,False,True,True,False,False,True,False,False,True,False,False,False,True,True,False,False,True,True,False,False,True,False,False
168.7,64.0,52.6,3.19,3.03,9.0,70,4800,29,8238.0,False,False,True,False,True,True,False,False,True,True,False,False,False,False,False,True,True,False,False,True,True,False,False,True,False,False
168.7,64.0,52.6,3.24,3.08,9.4,112,6600,26,9298.0,False,False,True,False,True,True,False,False,True,False,False,True,False,False,False,True,True,False,True,False,True,False,False,False,True,False
168.7,64.0,52.6,3.24,3.08,9.4,112,6600,26,9538.0,False,False,True,False,True,True,False,False,True,True,False,False,False,False,False,True,True,False,True,False,True,False,False,False,True,False
176.2,65.6,52.0,3.62,3.5,9.3,116,4800,24,8449.0,False,False,True,False,True,True,False,False,True,False,True,False,False,False,False,True,True,False,False,True,True,False,False,False,True,False
176.2,65.6,52.0,3.62,3.5,9.3,116,4800,24,9639.0,False,False,True,False,True,True,False,False,True,False,True,False,False,False,False,True,True,False,False,True,True,False,False,False,True,False
176.2,65.6,52.0,3.62,3.5,9.3,116,4800,24,9989.0,False,False,True,False,True,True,False,False,True,True,False,False,False,False,False,True,True,False,False,True,True,False,False,False,True,False
176.2,65.6,52.0,3.62,3.5,9.3,116,4800,24,11199.0,False,False,True,False,True,True,False,False,True,False,True,False,False,False,False,True,True,False,False,True,True,False,False,False,True,False
176.2,65.6,52.0,3.62,3.5,9.3,116,4800,24,11549.0,False,False,True,False,True,True,False,False,True,True,False,False,False,False,False,True,True,False,False,True,True,False,False,False,True,False
176.2,65.6,53.0,3.62,3.5,9.3,116,4800,24,17669.0,False,False,True,False,True,True,False,False,True,False,True,False,False,False,False,True,True,False,False,True,True,False,False,False,True,False
175.6,66.5,54.9,3.31,3.54,8.7,92,4200,29,8948.0,False,True,False,False,True,True,False,True,False,False,False,True,False,False,True,False,True,False,False,True,True,False,False,False,True,False
175.6,66.5,54.9,3.27,3.35,22.5,73,4500,30,10698.0,False,True,False,True,False,False,True,True,False,False,False,True,False,False,True,False,True,False,False,True,True,False,False,False,False,True
175.6,66.5,53.9,3.31,3.54,8.7,92,4200,27,9988.0,False,True,False,False,True,True,False,True,False,True,False,False,False,False,True,False,True,False,False,True,True,False,False,False,True,False
175.6,66.5,54.9,3.31,3.54,8.7,92,4200,27,10898.0,False,True,False,False,True,True,False,True,False,False,False,True,False,False,True,False,True,False,False,True,True,False,False,False,True,False
175.6,66.5,53.9,3.31,3.54,8.7,92,4200,27,11248.0,False,True,False,False,True,True,False,True,False,True,False,False,False,False,True,False,True,False,False,True,True,False,False,False,True,False
183.5,67.7,52.0,3.27,3.35,9.3,161,5200,20,16558.0,False,False,True,False,True,True,False,False,True,True,False,False,False,False,False,True,True,False,True,False,False,True,False,False,True,False
183.5,67.7,52.0,3.27,3.35,9.3,161,5200,19,15998.0,False,False,True,False,True,True,False,False,True,True,False,False,False,False,False,True,True,False,True,False,False,True,False,False,True,False
187.8,66.5,54.1,3.27,3.35,9.2,156,5200,20,15690.0,False,True,False,False,True,True,False,True,False,False,False,True,False,False,False,True,True,False,True,False,False,True,False,False,True,False
187.8,66.5,54.1,3.27,3.35,9.2,156,5200,19,15750.0,False,True,False,False,True,True,False,True,False,False,False,False,True,False,False,True,True,False,True,False,False,True,False,False,True,False
171.7,65.5,55.7,3.01,3.4,23.0,52,4800,37,7775.0,False,False,True,True,False,True,False,False,True,False,False,True,False,False,True,False,True,False,False,True,True,False,False,False,False,True
171.7,65.5,55.7,3.19,3.4,9.0,85,5250,27,7975.0,False,False,True,False,True,True,False,False,True,False,False,True,False,False,True,False,True,False,False,True,True,False,False,False,True,False
171.7,65.5,55.7,3.01,3.4,23.0,52,4800,37,7995.0,False,False,True,True,False,True,False,True,False,False,False,True,False,False,True,False,True,False,False,True,True,False,False,False,False,True
171.7,65.5,55.7,3.19,3.4,9.0,85,5250,27,8195.0,False,False,True,False,True,True,False,True,False,False,False,True,False,False,True,False,True,False,False,True,True,False,False,False,True,False
171.7,65.5,55.7,3.19,3.4,9.0,85,5250,27,8495.0,False,False,True,False,True,True,False,True,False,False,False,True,False,False,True,False,True,False,False,True,True,False,False,False,True,False
171.7,65.5,55.7,3.01,3.4,23.0,68,4500,37,9495.0,False,False,True,True,False,False,True,True,False,False,False,True,False,False,True,False,True,False,False,True,True,False,False,False,False,True
171.7,65.5,55.7,3.19,3.4,10.0,100,5500,26,9995.0,False,False,True,False,True,True,False,True,False,False,False,True,False,False,True,False,True,False,False,True,True,False,False,False,True,False
159.3,64.2,55.6,3.19,3.4,8.5,90,5500,24,11595.0,False,False,True,False,True,True,False,False,True,False,True,False,False,False,True,False,True,False,False,True,True,False,False,False,True,False
165.7,64.0,51.4,3.19,3.4,8.5,90,5500,24,9980.0,False,False,True,False,True,True,False,False,True,True,False,False,False,False,True,False,True,False,False,True,True,False,False,False,True,False
180.2,66.9,55.1,3.19,3.4,8.5,110,5500,19,13295.0,True,False,False,False,True,True,False,True,False,False,False,True,False,False,True,False,True,False,False,True,False,True,False,False,True,False
180.2,66.9,55.1,3.01,3.4,23.0,68,4500,33,13845.0,True,False,False,True,False,False,True,True,False,False,False,True,False,False,True,False,True,False,False,True,True,False,False,False,False,True
183.1,66.9,55.1,3.19,3.4,9.0,88,5500,25,12290.0,True,False,False,False,True,True,False,True,False,False,False,False,True,False,True,False,True,False,False,True,True,False,False,False,True,False
188.8,67.2,56.2,3.78,3.15,9.5,114,5400,23,12940.0,False,True,False,False,True,True,False,True,False,False,False,True,False,False,False,True,True,False,False,True,True,False,False,False,True,False
188.8,67.2,57.5,3.78,3.15,9.5,114,5400,23,13415.0,False,True,False,False,True,True,False,True,False,False,False,False,True,False,False,True,True,False,False,True,True,False,False,False,True,False
188.8,67.2,56.2,3.78,3.15,9.5,114,5400,24,15985.0,False,True,False,False,True,True,False,True,False,False,False,True,False,False,False,True,True,False,False,True,True,False,False,False,True,False
188.8,67.2,57.5,3.78,3.15,9.5,114,5400,24,16515.0,False,True,False,False,True,True,False,True,False,False,False,False,True,False,False,True,True,False,False,True,True,False,False,False,True,False
188.8,67.2,56.2,3.62,3.15,7.5,162,5100,17,18420.0,False,True,False,False,True,False,True,True,False,False,False,True,False,False,False,True,True,False,False,True,True,False,False,False,True,False
188.8,67.2,57.5,3.62,3.15,7.5,162,5100,17,18950.0,False,True,False,False,True,False,True,True,False,False,False,False,True,False,False,True,True,False,False,True,True,False,False,False,True,False
188.8,68.9,55.5,3.78,3.15,9.5,114,5400,23,16845.0,False,True,False,False,True,True,False,True,False,False,False,True,False,False,False,True,True,False,False,True,True,False,False,False,True,False
188.8,68.8,55.5,3.78,3.15,8.7,160,5300,19,19045.0,False,True,False,False,True,False,True,True,False,False,False,True,False,False,False,True,True,False,False,True,True,False,False,False,True,False
188.8,68.9,55.5,3.58,2.87,8.8,134,5500,18,21485.0,False,True,False,False,True,True,False,True,False,False,False,True,False,False,False,True,True,False,True,False,False,True,False,False,True,False
188.8,68.9,55.5,3.01,3.4,23.0,106,4800,26,22470.0,False,True,False,True,False,False,True,True,False,False,False,True,False,False,False,True,True,False,False,True,False,True,False,False,False,True
188.8,68.9,55.5,3.78,3.15,9.5,114,5400,19,22625.0,False,True,False,False,True,False,True,True,False,False,False,True,False,False,False,True,True,False,False,True,True,False,False,False,True,False
